{
  "accuracy": 0.7895833333333333,
  "macro_precision": 0.7633005934110907,
  "macro_recall": 0.7555168024875311,
  "macro_f1": 0.7569022526204098,
  "per_class": {
    "away_win": {
      "precision": 0.8176795580110497,
      "recall": 0.8757396449704142,
      "f1": 0.8457142857142858,
      "support": 169
    },
    "draw": {
      "precision": 0.6413043478260869,
      "recall": 0.5221238938053098,
      "f1": 0.5756097560975609,
      "support": 113
    },
    "home_win": {
      "precision": 0.8309178743961353,
      "recall": 0.8686868686868687,
      "f1": 0.8493827160493828,
      "support": 198
    }
  },
  "roc_auc_ovr_macro": 0.9161523960764818,
  "cv_accuracy_mean": 0.7937500000000001,
  "cv_accuracy_std": 0.007967217989988742
}