{
  "accuracy": 0.7458333333333333,
  "macro_precision": 0.7151755890584094,
  "macro_recall": 0.7126087109068729,
  "macro_f1": 0.7134791930953034,
  "per_class": {
    "away_win": {
      "precision": 0.8181818181818182,
      "recall": 0.7988165680473372,
      "f1": 0.8083832335329342,
      "support": 169
    },
    "draw": {
      "precision": 0.5283018867924528,
      "recall": 0.49557522123893805,
      "f1": 0.5114155251141552,
      "support": 113
    },
    "home_win": {
      "precision": 0.7990430622009569,
      "recall": 0.8434343434343434,
      "f1": 0.8206388206388207,
      "support": 198
    }
  },
  "roc_auc_ovr_macro": 0.8314996698474252,
  "cv_accuracy_mean": 0.7609375,
  "cv_accuracy_std": 0.009375
}