{
  "accuracy": 0.8166666666666667,
  "macro_precision": 0.8004925116730556,
  "macro_recall": 0.8047950838965136,
  "macro_f1": 0.8020119123093611,
  "per_class": {
    "away_win": {
      "precision": 0.8606060606060606,
      "recall": 0.8402366863905325,
      "f1": 0.8502994011976048,
      "support": 169
    },
    "draw": {
      "precision": 0.6612903225806451,
      "recall": 0.7256637168141593,
      "f1": 0.6919831223628692,
      "support": 113
    },
    "home_win": {
      "precision": 0.8795811518324608,
      "recall": 0.8484848484848485,
      "f1": 0.8637532133676092,
      "support": 198
    }
  },
  "roc_auc_ovr_macro": 0.9229486473028278,
  "cv_accuracy_mean": 0.8441666666666666,
  "cv_accuracy_std": 0.014754942674688172
}