{
  "accuracy": 0.76875,
  "macro_precision": 0.7600245955641954,
  "macro_recall": 0.7078896697684988,
  "macro_f1": 0.6992391594851867,
  "per_class": {
    "away_win": {
      "precision": 0.7512437810945274,
      "recall": 0.893491124260355,
      "f1": 0.8162162162162162,
      "support": 169
    },
    "draw": {
      "precision": 0.7391304347826086,
      "recall": 0.3008849557522124,
      "f1": 0.4276729559748428,
      "support": 113
    },
    "home_win": {
      "precision": 0.7896995708154506,
      "recall": 0.9292929292929293,
      "f1": 0.8538283062645011,
      "support": 198
    }
  },
  "roc_auc_ovr_macro": 0.8922647711194971,
  "cv_accuracy_mean": 0.7739583333333334,
  "cv_accuracy_std": 0.010724614730194816
}