{
  "accuracy": 0.6979166666666666,
  "macro_precision": 0.7295699039462421,
  "macro_recall": 0.7089225853691477,
  "macro_f1": 0.6961691803113049,
  "per_class": {
    "away_win": {
      "precision": 0.8721804511278195,
      "recall": 0.6863905325443787,
      "f1": 0.7682119205298014,
      "support": 169
    },
    "draw": {
      "precision": 0.4489795918367347,
      "recall": 0.7787610619469026,
      "f1": 0.56957928802589,
      "support": 113
    },
    "home_win": {
      "precision": 0.8675496688741722,
      "recall": 0.6616161616161617,
      "f1": 0.7507163323782235,
      "support": 198
    }
  },
  "roc_auc_ovr_macro": 0.8392991921295815,
  "cv_accuracy_mean": 0.7316666666666667,
  "cv_accuracy_std": 0.021424933553637403
}