{
  "accuracy": 0.7791666666666667,
  "macro_precision": 0.75709399238811,
  "macro_recall": 0.7598736135155467,
  "macro_f1": 0.7579133409796407,
  "per_class": {
    "away_win": {
      "precision": 0.8181818181818182,
      "recall": 0.8520710059171598,
      "f1": 0.8347826086956521,
      "support": 169
    },
    "draw": {
      "precision": 0.5882352941176471,
      "recall": 0.6194690265486725,
      "f1": 0.603448275862069,
      "support": 113
    },
    "home_win": {
      "precision": 0.8648648648648649,
      "recall": 0.8080808080808081,
      "f1": 0.835509138381201,
      "support": 198
    }
  },
  "roc_auc_ovr_macro": 0.8923602652225932,
  "cv_accuracy_mean": 0.8237500000000001,
  "cv_accuracy_std": 0.007750448015724287
}